,Name,country,politicalGroup,id,nationalPoliticalGroup,Vote
0,Adamowicz,Poland,Group of the European People's Party (Christian Democrats),197490,Independent,
1,Ademov,Bulgaria,Group of the European People's Party (Christian Democrats),189525,Citizens For European Development Of Bulgaria,
2,Adinolfi,Italy,Group of the European People's Party (Christian Democrats),124831,Forza Italia,
3,Adinolfi,Italy,Identity and Democracy Group,197826,Lega,
4,Agius Saliba,Malta,Group of the Progressive Alliance of Socialists and Democrats in the European Parliament,197403,Partit Laburista,
5,Aguilar,Spain,European Conservatives and Reformists Group,198096,Vox,
6,Aguilera,Spain,Group of the Progressive Alliance of Socialists and Democrats in the European Parliament,125045,Partido Socialista Obrero Espanol,
7,Alametsa,Finland,Group of the Greens/European Free Alliance,204335,Vihrea Liitto,
8,Alexandrov Yordanov,Bulgaria,Group of the European People's Party (Christian Democrats),197836,Union Of Democratic Forces,
9,Alfonsi,France,Group of the Greens/European Free Alliance,96750,Regions Et Peuples Solidaires,
10,Alieva Veli,Bulgaria,Renew Europe Group,197848,Movement For Rights And Freedoms,
11,Al Sahlani,Sweden,Renew Europe Group,197400,Centerpartiet,
12,Amaro,Portugal,Group of the European People's Party (Christian Democrats),197746,Partido Social Democrata,
13,Ameriks,Latvia,Group of the Progressive Alliance of Socialists and Democrats in the European Parliament,197783,Gods Kalpot Rigai,
14,Anderson,Germany,Identity and Democracy Group,197475,Alternative Fur Deutschland,
15,Andresen,Germany,Group of the Greens/European Free Alliance,197448,Bundnis 90/Die Grunen,
16,Andrews,Ireland,Renew Europe Group,204332,Fianna Fail Party,
17,Andrieu,France,Group of the Progressive Alliance of Socialists and Democrats in the European Parliament,113892,Parti Socialiste,
18,Androuet,France,Identity and Democracy Group,197691,Rassemblement National,
19,Androulakis,Greece,Group of the Progressive Alliance of Socialists and Democrats in the European Parliament,125110,Pasok Kinal,
20,Angel,Luxembourg,Group of the Progressive Alliance of Socialists and Democrats in the European Parliament,202073,Parti Ouvrier Socialiste Luxembourgeois,
21,Annemans,Belgium,Identity and Democracy Group,124973,Vlaams Belang,
22,Ansip,Estonia,Renew Europe Group,124696,Eesti Reformierakond,
23,Ara Kovacs,Hungary,Group of the Progressive Alliance of Socialists and Democrats in the European Parliament,197587,Demokratikus Koalicio,
24,Arena,Belgium,Group of the Progressive Alliance of Socialists and Democrats in the European Parliament,124936,Parti Socialiste,
25,Arias Echeverria,Spain,Group of the European People's Party (Christian Democrats),96808,Partido Popular,
26,Arimont,Belgium,Group of the European People's Party (Christian Democrats),24922,Christlich Soziale Partei,
27,Arukowicz,Poland,Group of the European People's Party (Christian Democrats),197492,Platforma Obywatelska,
28,Arvanitis,Greece,The Left group in the European Parliament - GUE/NGL,197701,Coalition Of The Radical Left,
29,Asimakopoulou,Greece,Group of the European People's Party (Christian Democrats),197695,Nea Demokratia,
30,Aubry,France,The Left group in the European Parliament - GUE/NGL,197533,La France Insoumise,
31,Auken,Denmark,Group of the Greens/European Free Alliance,28161,Socialistisk Folkeparti,
32,Austrevicius,Lithuania,Renew Europe Group,124766,Lietuvos Respublikos Liberalu Sajudis,
33,Avram,Romania,Group of the Progressive Alliance of Socialists and Democrats in the European Parliament,197651,Partidul Social Democrat,
34,Azmani,Netherlands,Renew Europe Group,197781,Volkspartij Voor Vrijheid En Democratie,
35,Baldassarre,Italy,Identity and Democracy Group,197789,Lega,
36,Pawe Balt,Poland,Group of the Progressive Alliance of Socialists and Democrats in the European Parliament,197495,Nowa Lewica,
37,Bardella,France,Identity and Democracy Group,131580,Rassemblement National,
38,Barley,Germany,Group of the Progressive Alliance of Socialists and Democrats in the European Parliament,197433,Sozialdemokratische Partei Deutschlands,
39,Barrena Arza,Spain,The Left group in the European Parliament - GUE/NGL,197684,Eh Bildu,
40,Bartolo,Italy,Group of the Progressive Alliance of Socialists and Democrats in the European Parliament,197808,Partito Democratico,
41,Basescu,Romania,Group of the European People's Party (Christian Democrats),197671,Partidul Miscarea Populara,
42,Basso,Italy,Identity and Democracy Group,197610,Lega,
43,Ramon Bauza Diaz,Spain,Renew Europe Group,197779,Ciudadanos  Partido De La Ciudadania,
44,Bay,France,Non-attached Members,124760,Reconquete!,
45,Beck,Germany,Identity and Democracy Group,132191,Alternative Fur Deutschland,
46,Beer,Germany,Renew Europe Group,197437,Freie Demokratische Partei,
47,Beghin,Italy,Non-attached Members,124777,Movimento 5 Stelle,
48,Beigneux,France,Identity and Democracy Group,197680,Rassemblement National,
49,Belka,Poland,Group of the Progressive Alliance of Socialists and Democrats in the European Parliament,197496,Nowa Lewica,
50,Bellamy,France,Group of the European People's Party (Christian Democrats),197534,Les Republicains,
51,Benea,Romania,Group of the Progressive Alliance of Socialists and Democrats in the European Parliament,197658,Partidul Social Democrat,
52,Benifei,Italy,Group of the Progressive Alliance of Socialists and Democrats in the European Parliament,124867,Partito Democratico,
53,Benjumea Benjumea,Spain,Group of the European People's Party (Christian Democrats),197679,Partido Popular,
54,Benova,Slovakia,Group of the Progressive Alliance of Socialists and Democrats in the European Parliament,23868,Smer Socialna Demokracia,
55,Bentele,Germany,Group of the European People's Party (Christian Democrats),197408,Christlich Demokratische Union Deutschlands,
56,Berendsen,Netherlands,Group of the European People's Party (Christian Democrats),197778,Christen Democratisch Appel,
57,Patrick Berg,Germany,European Conservatives and Reformists Group,197478,Liberal Conservative Refomists,
58,Berger,Germany,Group of the European People's Party (Christian Democrats),197410,Christlich Demokratische Union Deutschlands,
59,Bergkvist,Sweden,Group of the Progressive Alliance of Socialists and Democrats in the European Parliament,197396,Arbetarepartiet  Socialdemokraterna,
60,Berlato,Italy,European Conservatives and Reformists Group,4746,Fratelli D'Italia,
61,Berlusconi,Italy,Group of the European People's Party (Christian Democrats),4391,Forza Italia,
62,Bernhuber,Austria,Group of the European People's Party (Christian Democrats),197648,Osterreichische Volkspartei,
63,Biedron,Poland,Group of the Progressive Alliance of Socialists and Democrats in the European Parliament,197498,Nowa Lewica,
64,Bielan,Poland,European Conservatives and Reformists Group,23788,Partia Republikanska,
65,Bijoux,France,Renew Europe Group,197551,La Republique En Marche,
66,Bilbao Barandica,Spain,Renew Europe Group,96922,Partido Nacionalista Vasco,
67,Bilcik,Slovakia,Group of the European People's Party (Christian Democrats),197771,Spolu  Obcianska Demokracia,
68,Bilde,France,Identity and Democracy Group,124771,Rassemblement National,
69,Bischoff,Germany,Group of the Progressive Alliance of Socialists and Democrats in the European Parliament,197435,Sozialdemokratische Partei Deutschlands,
70,Biteau,France,Group of the Greens/European Free Alliance,197512,Europe Ecologie,
71,Bizzotto,Italy,Identity and Democracy Group,97198,Lega,
72,Bjork,Sweden,The Left group in the European Parliament - GUE/NGL,124992,Vansterpartiet,
73,Blaga,Romania,Group of the European People's Party (Christian Democrats),197637,Partidul National Liberal,
74,Blasko,Czechia,Identity and Democracy Group,197564,Svoboda A Prima Demokracie,
75,Blinkeviciute,Lithuania,Group of the Progressive Alliance of Socialists and Democrats in the European Parliament,96681,Lietuvos Socialdemokratu Partija,
76,Bloss,Germany,Group of the Greens/European Free Alliance,197449,Bundnis 90/Die Grunen,
77,Bocskor,Hungary,Non-attached Members,124712,Fidesz Magyar Polgari Szovetseg Keresztenydemokrata Neppart,
78,Boeselager,Germany,Group of the Greens/European Free Alliance,197439,Volt,
79,Bogdan,Romania,Group of the European People's Party (Christian Democrats),197636,Partidul National Liberal,
80,Bogovic,Slovenia,Group of the European People's Party (Christian Democrats),125004,Slovenska Ljudska Stranka,
81,Bompard,France,The Left group in the European Parliament - GUE/NGL,197521,La France Insoumise,
82,Bonafe,Italy,Group of the Progressive Alliance of Socialists and Democrats in the European Parliament,124814,Partito Democratico,
83,Bonfrisco,Italy,Identity and Democracy Group,197788,Lega,
84,Borchia,Italy,Identity and Democracy Group,101039,Lega,
85,Borzan,Croatia,Group of the Progressive Alliance of Socialists and Democrats in the European Parliament,112748,Socijaldemokratska Partija Hrvatske,
86,Botenga,Belgium,The Left group in the European Parliament - GUE/NGL,187917,Parti Du Travail De Belgique,
87,Botos,Romania,Renew Europe Group,197668,Uniunea Salvati Romania,
88,Bourgeois,Belgium,European Conservatives and Reformists Group,197467,Nieuw Vlaamse Alliantie,
89,Boyer,France,Renew Europe Group,197577,Horizons,
90,Braunsberger Reinhold,Germany,Group of the European People's Party (Christian Democrats),226260,Christlich Demokratische Union Deutschlands,
91,Breyer,Germany,Group of the Greens/European Free Alliance,197431,Piratenpartei Deutschland,
92,Brglez,Slovenia,Group of the Progressive Alliance of Socialists and Democrats in the European Parliament,197446,Socialni Demokrati,
93,Bricmont,Belgium,Group of the Greens/European Free Alliance,197470,Ecologistes Confederes Pour L'Organisation De Luttes Originales,
94,Stanisaw Brudzinski,Poland,European Conservatives and Reformists Group,197501,Prawo I Sprawiedliwosc,
95,Bruna,France,Identity and Democracy Group,182995,Rassemblement National,
96,Brunet,France,Renew Europe Group,197576,Mouvement Democrate,
97,Buchheit,Germany,Identity and Democracy Group,128483,Alternative Fur Deutschland,
98,Buda,Romania,Group of the European People's Party (Christian Democrats),125012,Partidul National Liberal,
99,Bullmann,Germany,Group of the Progressive Alliance of Socialists and Democrats in the European Parliament,4267,Sozialdemokratische Partei Deutschlands,
100,Burkhardt,Germany,Group of the Progressive Alliance of Socialists and Democrats in the European Parliament,197440,Sozialdemokratische Partei Deutschlands,
101,Buschmann,Germany,Non-attached Members,197434,Independent,
102,Busoi,Romania,Group of the European People's Party (Christian Democrats),38420,Partidul National Liberal,
103,Butikofer,Germany,Group of the Greens/European Free Alliance,96739,Bundnis 90/Die Grunen,
104,Buxade Villalba,Spain,European Conservatives and Reformists Group,197829,Vox,
105,Buzek,Poland,Group of the European People's Party (Christian Democrats),28269,Platforma Obywatelska,
106,Calenda,Italy,Renew Europe Group,197617,Azione,
107,Campomenosi,Italy,Identity and Democracy Group,35016,Lega,
108,Canas,Spain,Renew Europe Group,126644,Ciudadanos  Partido De La Ciudadania,
109,Canfin,France,Renew Europe Group,96711,Liste Renaissance,
110,Careme,France,Group of the Greens/European Free Alliance,197574,Europe Ecologie,
111,Caroppo,Italy,Group of the European People's Party (Christian Democrats),197797,Forza Italia,
112,Carvalhais,Portugal,Group of the Progressive Alliance of Socialists and Democrats in the European Parliament,199996,Partido Socialista,
113,Da Graca Carvalho,Portugal,Group of the European People's Party (Christian Democrats),96867,Partido Social Democrata,
114,Casa,Malta,Group of the European People's Party (Christian Democrats),28122,Partit Nazzjonalista,
115,Casanova,Italy,Identity and Democracy Group,197796,Lega,
116,Caspary,Germany,Group of the European People's Party (Christian Democrats),28219,Christlich Demokratische Union Deutschlands,
117,Massimo Castaldo,Italy,Non-attached Members,124812,Movimento 5 Stelle,
118,Del Castillo Vera,Spain,Group of the European People's Party (Christian Democrats),28390,Partido Popular,
119,Cavazzini,Germany,Group of the Greens/European Free Alliance,86793,Bundnis 90/Die Grunen,
120,Ceccardi,Italy,Identity and Democracy Group,197786,Lega,
121,Cerdas,Portugal,Group of the Progressive Alliance of Socialists and Democrats in the European Parliament,197641,Partido Socialista,
122,Chabaud,France,Renew Europe Group,197505,Mouvement Democrate,
123,Chahim,Netherlands,Group of the Progressive Alliance of Socialists and Democrats in the European Parliament,197782,Partij Van De Arbeid,
124,Chaibi,France,The Left group in the European Parliament - GUE/NGL,197529,La France Insoumise,
125,Charanzova,Czechia,Renew Europe Group,124708,Ano 2011,
126,Chastel,Belgium,Renew Europe Group,197463,Mouvement Reformateur,
127,Chinnici,Italy,Group of the Progressive Alliance of Socialists and Democrats in the European Parliament,124861,Partito Democratico,
128,Christensen,Denmark,Renew Europe Group,197558,Venstre  Danmarks Liberale Parti,
129,Christoforou,Cyprus,Group of the European People's Party (Christian Democrats),26837,Democratic Rally,
130,Cicurel,France,Renew Europe Group,204416,Liste Renaissance,
131,Cimoszewicz,Poland,Group of the Progressive Alliance of Socialists and Democrats in the European Parliament,197507,Sojusz Lewicy Demokratycznej   Unia Pracy,
132,Ciocca,Italy,Identity and Democracy Group,183793,Lega,
133,Ciolos,Romania,Renew Europe Group,197631,Reinnoim Proiectul European Al Romaniei,
134,Ciuhodaru,Romania,Group of the Progressive Alliance of Socialists and Democrats in the European Parliament,197657,Partidul Social Democrat,
135,Ciz,Slovakia,Group of the Progressive Alliance of Socialists and Democrats in the European Parliament,197761,Smer Socialna Demokracia,
136,Clune,Ireland,Group of the European People's Party (Christian Democrats),124988,Fine Gael Party,
137,Colin Oesterle,France,Group of the European People's Party (Christian Democrats),197536,Les Centristes,
138,Collard,France,Non-attached Members,197683,Reconquete!,
139,Comin I Oliveres,Spain,Non-attached Members,202352,Junts Per Catalunya   Lliures Per Europa,
140,Conte,Italy,Identity and Democracy Group,197616,Lega,
141,Cormand,France,Group of the Greens/European Free Alliance,197503,Europe Ecologie,
142,Corrao,Italy,Group of the Greens/European Free Alliance,124856,Independent,
143,Cozzolino,Italy,Group of the Progressive Alliance of Socialists and Democrats in the European Parliament,96880,Partito Democratico,
144,Cretu,Romania,Group of the Progressive Alliance of Socialists and Democrats in the European Parliament,33997,Pro Romania,
145,Cseh,Hungary,Renew Europe Group,197588,Momentum,
146,Cuffe,Ireland,Group of the Greens/European Free Alliance,197654,Green Party,
147,Cutajar,Malta,Group of the Progressive Alliance of Socialists and Democrats in the European Parliament,197394,Partit Laburista,
148,Czarnecki,Poland,European Conservatives and Reformists Group,28372,Prawo I Sprawiedliwosc,
149,Van Dalen,Netherlands,Group of the European People's Party (Christian Democrats),96809,Christenunie,
150,G. Dalunde,Sweden,Group of the Greens/European Free Alliance,183338,Miljopartiet De Grona,
151,Daly,Ireland,The Left group in the European Parliament - GUE/NGL,197731,Independents For Change,
152,D'Amato,Italy,Group of the Greens/European Free Alliance,124835,Independent,
153,Danjean,France,Group of the European People's Party (Christian Democrats),96747,Les Republicains,
154,Danti,Italy,Renew Europe Group,124821,Italia Viva,
155,Da Re,Italy,Identity and Democracy Group,197608,Lega,
156,David,Czechia,Identity and Democracy Group,197556,Svoboda A Prima Demokracie,
157,De La Pisa Carrion,Spain,European Conservatives and Reformists Group,204414,Vox,
158,De Meo,Italy,Group of the European People's Party (Christian Democrats),204333,Forza Italia,
159,De Basso,Sweden,Group of the Progressive Alliance of Socialists and Democrats in the European Parliament,228604,Arbetarepartiet  Socialdemokraterna,
160,De Castro,Italy,Group of the Progressive Alliance of Socialists and Democrats in the European Parliament,96891,Partito Democratico,
161,Decerle,France,Renew Europe Group,197504,Liste Renaissance,
162,Delbos Corfield,France,Group of the Greens/European Free Alliance,197531,Europe Ecologie,
163,Deli,Hungary,Non-attached Members,124714,Fidesz Magyar Polgari Szovetseg Keresztenydemokrata Neppart,
164,Delli,France,Group of the Greens/European Free Alliance,96868,Europe Ecologie,
165,De Man,Belgium,Identity and Democracy Group,197472,Vlaams Belang,
166,Demirel,Germany,The Left group in the European Parliament - GUE/NGL,197468,Die Linke.,
167,Deparnay Grunenberg,Germany,Group of the Greens/European Free Alliance,197453,Bundnis 90/Die Grunen,
168,Deutsch,Hungary,Non-attached Members,96826,Fidesz Magyar Polgari Szovetseg Keresztenydemokrata Neppart,
169,Didier,France,Group of the European People's Party (Christian Democrats),190774,Les Republicains,
170,Dlabajova,Czechia,Renew Europe Group,124709,Ano 2011,
171,Dobrev,Hungary,Group of the Progressive Alliance of Socialists and Democrats in the European Parliament,197579,Demokratikus Koalicio,
172,Doleschal,Germany,Group of the European People's Party (Christian Democrats),197473,Christlich Soziale Union In Bayern E.V.,
173,Julia Donath,Hungary,Renew Europe Group,197595,Momentum,
174,Donato,Italy,Non-attached Members,197822,Independent,
175,Dorfmann,Italy,Group of the European People's Party (Christian Democrats),96787,Sudtiroler Volkspartei,
176,Dreosto,Italy,Identity and Democracy Group,197614,Lega,
177,Duda,Poland,Group of the European People's Party (Christian Democrats),197510,Platforma Obywatelska,
178,Dupont,Germany,Group of the European People's Party (Christian Democrats),99945,Christlich Demokratische Union Deutschlands,
179,Dura Ferrandis,Spain,Group of the Progressive Alliance of Socialists and Democrats in the European Parliament,198329,Partido Socialista Obrero Espanol,
180,Durand,France,Renew Europe Group,124693,Liste Renaissance,
181,Duris Nicholsonova,Slovakia,Renew Europe Group,197766,Independent,
182,Dzhambazki,Bulgaria,European Conservatives and Reformists Group,124873,Vmro,
183,Ehler,Germany,Group of the European People's Party (Christian Democrats),28226,Christlich Demokratische Union Deutschlands,
184,Eickhout,Netherlands,Group of the Greens/European Free Alliance,96725,Groenlinks,
185,Engerer,Malta,Group of the Progressive Alliance of Socialists and Democrats in the European Parliament,209091,Partit Laburista,
186,Ernst,Germany,The Left group in the European Parliament - GUE/NGL,96852,Die Linke.,
187,Eroglu,Germany,Renew Europe Group,197430,Freie Wahler,
188,Ertug,Germany,Group of the Progressive Alliance of Socialists and Democrats in the European Parliament,96842,Sozialdemokratische Partei Deutschlands,
189,Estaras Ferragut,Spain,Group of the European People's Party (Christian Democrats),96811,Partido Popular,
190,Evi,Italy,Group of the Greens/European Free Alliance,124779,Europa Verde,
191,Evren,France,Group of the European People's Party (Christian Democrats),197535,Les Republicains,
192,Falca,Romania,Group of the European People's Party (Christian Democrats),197649,Partidul National Liberal,
193,Farreng,France,Renew Europe Group,197589,Mouvement Democrate,
194,Ferber,Germany,Group of the European People's Party (Christian Democrats),1917,Christlich Soziale Union In Bayern E.V.,
195,Manuel Fernandes,Portugal,Group of the European People's Party (Christian Democrats),96899,Partido Social Democrata,
196,Fernandez,Spain,Group of the Progressive Alliance of Socialists and Democrats in the European Parliament,125046,Partido Socialista Obrero Espanol,
197,Ferrandino,Italy,Group of the Progressive Alliance of Socialists and Democrats in the European Parliament,192634,Partito Democratico,
198,Ferrara,Italy,Non-attached Members,124833,Movimento 5 Stelle,
199,Fest,Germany,Identity and Democracy Group,197480,Alternative Fur Deutschland,
200,Fidanza,Italy,European Conservatives and Reformists Group,96810,Fratelli D'Italia,
201,Fiocchi,Italy,European Conservatives and Reformists Group,197607,Fratelli D'Italia,
202,Fitto,Italy,European Conservatives and Reformists Group,4465,Fratelli D'Italia,
203,Fitzgerald,Ireland,Group of the European People's Party (Christian Democrats),197720,Fine Gael Party,
204,Ming Flanagan,Ireland,The Left group in the European Parliament - GUE/NGL,124985,Independent,
205,Flego,Croatia,Renew Europe Group,197419,Istarski Demokratski Sabor   Dieta Democratica Istriana,
206,Fotyga,Poland,European Conservatives and Reformists Group,28353,Prawo I Sprawiedliwosc,
207,Fourlas,Cyprus,Group of the European People's Party (Christian Democrats),197414,Democratic Rally,
208,Fragkos,Greece,European Conservatives and Reformists Group,198490,Elliniki Lusi Greek Solution,
209,Frankowski,Poland,Group of the European People's Party (Christian Democrats),197513,Platforma Obywatelska,
210,Franssen,Belgium,Group of the European People's Party (Christian Democrats),197455,Christen Democratisch   Vlaams,
211,Franz,Germany,Group of the Greens/European Free Alliance,193273,Bundnis 90/Die Grunen,
212,Freund,Germany,Group of the Greens/European Free Alliance,106936,Bundnis 90/Die Grunen,
213,Fritzon,Sweden,Group of the Progressive Alliance of Socialists and Democrats in the European Parliament,197391,Arbetarepartiet  Socialdemokraterna,
214,Fuglsang,Denmark,Group of the Progressive Alliance of Socialists and Democrats in the European Parliament,101585,Socialdemokratiet,
215,Furore,Italy,Non-attached Members,197795,Movimento 5 Stelle,
216,Gade,Denmark,Renew Europe Group,197555,Venstre  Danmarks Liberale Parti,
217,Gahler,Germany,Group of the European People's Party (Christian Democrats),2341,Christlich Demokratische Union Deutschlands,
218,Gal,Hungary,Non-attached Members,28150,Fidesz Magyar Polgari Szovetseg Keresztenydemokrata Neppart,
219,Gallee,Germany,Group of the Greens/European Free Alliance,229352,Bundnis 90/Die Grunen,
220,Galvez Munoz,Spain,Group of the Progressive Alliance of Socialists and Democrats in the European Parliament,197702,Partido Socialista Obrero Espanol,
221,Gamon,Austria,Renew Europe Group,197632,Neos  Das Neue Osterreich,
222,Gancia,Italy,Identity and Democracy Group,197582,Lega,
223,Garcia Del Blanco,Spain,Group of the Progressive Alliance of Socialists and Democrats in the European Parliament,197717,Partido Socialista Obrero Espanol,
224,Manuel Garcia Margallo Y Marfil,Spain,Group of the European People's Party (Christian Democrats),1992,Partido Popular,
225,Garcia Munoz,Spain,Group of the Progressive Alliance of Socialists and Democrats in the European Parliament,197742,Partido Socialista Obrero Espanol,
226,Garcia Perez,Spain,Group of the Progressive Alliance of Socialists and Democrats in the European Parliament,28298,Partido Socialista Obrero Espanol,
227,Gardiazabal Rubial,Spain,Group of the Progressive Alliance of Socialists and Democrats in the European Parliament,96991,Partido Socialista Obrero Espanol,
228,Garicano,Spain,Renew Europe Group,197554,Ciudadanos  Partido De La Ciudadania,
229,Garraud,France,Identity and Democracy Group,197628,Rassemblement National,
230,Geese,Germany,Group of the Greens/European Free Alliance,183916,Bundnis 90/Die Grunen,
231,Geier,Germany,Group of the Progressive Alliance of Socialists and Democrats in the European Parliament,96833,Sozialdemokratische Partei Deutschlands,
232,Gemma,Italy,Non-attached Members,197794,Movimento 5 Stelle,
233,Georgiou,Cyprus,The Left group in the European Parliament - GUE/NGL,197416,Progressive Party Of Working People   Left   New Forces,
234,Georgoulis,Greece,The Left group in the European Parliament - GUE/NGL,197819,Coalition Of The Radical Left,
235,Geuking,Germany,Group of the European People's Party (Christian Democrats),197436,Familien Partei Deutschlands,
236,Gheorghe,Romania,Renew Europe Group,209140,Uniunea Salvati Romania,
237,Giarrusso,Italy,Non-attached Members,197804,Independent,
238,Gieseke,Germany,Group of the European People's Party (Christian Democrats),124807,Christlich Demokratische Union Deutschlands,
239,Glavak,Croatia,Group of the European People's Party (Christian Democrats),202036,Hrvatska Demokratska Zajednica,
240,Gluck,Germany,Renew Europe Group,197443,Freie Demokratische Partei,
241,Glucksmann,France,Group of the Progressive Alliance of Socialists and Democrats in the European Parliament,197694,Place Publique,
242,Goerens,Luxembourg,Renew Europe Group,840,Parti Democratique,
243,Silvana Gonzalez,Spain,Group of the Progressive Alliance of Socialists and Democrats in the European Parliament,197728,Partido Socialista Obrero Espanol,
244,Gonzalez Casares,Spain,Group of the Progressive Alliance of Socialists and Democrats in the European Parliament,197718,Partido Socialista Obrero Espanol,
245,Gonzalez Pons,Spain,Group of the European People's Party (Christian Democrats),125027,Partido Popular,
246,Gozi,France,Renew Europe Group,204419,Liste Renaissance,
247,De Graaff,Netherlands,Identity and Democracy Group,125025,Partij Voor De Vrijheid,
248,Grant,Italy,Identity and Democracy Group,197799,Lega,
249,Grapini,Romania,Group of the Progressive Alliance of Socialists and Democrats in the European Parliament,124785,Partidul Umanist Social Liberal,
250,Gregorova,Czechia,Group of the Greens/European Free Alliance,197549,Pirati,
251,Griset,France,Identity and Democracy Group,94649,Rassemblement National,
252,Groothuis,Netherlands,Renew Europe Group,197780,Volkspartij Voor Vrijheid En Democratie,
253,Groselj,Slovenia,Renew Europe Group,197452,Lista Marjana Sarca,
254,Grudler,France,Renew Europe Group,197557,Mouvement Democrate,
255,Gruffat,France,Group of the Greens/European Free Alliance,204420,Europe Ecologie,
256,Gualmini,Italy,Group of the Progressive Alliance of Socialists and Democrats in the European Parliament,197618,Partito Democratico,
257,Guerreiro,Portugal,Group of the Greens/European Free Alliance,197645,Independente,
258,Guetta,France,Renew Europe Group,197543,Liste Renaissance,
259,Guillaume,France,Group of the Progressive Alliance of Socialists and Democrats in the European Parliament,96952,Parti Socialiste,
260,Gusmao,Portugal,The Left group in the European Parliament - GUE/NGL,88715,Bloco De Esquerda,
261,Guteland,Sweden,Group of the Progressive Alliance of Socialists and Democrats in the European Parliament,124991,Arbetarepartiet  Socialdemokraterna,
262,Gyongyosi,Hungary,Non-attached Members,198063,Jobbik Magyarorszagert Mozgalom,
263,Gyori,Hungary,Non-attached Members,96830,Fidesz Magyar Polgari Szovetseg Keresztenydemokrata Neppart,
264,Gyurk,Hungary,Non-attached Members,23816,Fidesz Magyar Polgari Szovetseg Keresztenydemokrata Neppart,
265,Hahn,Germany,Renew Europe Group,197444,Freie Demokratische Partei,
266,Hahn,Germany,Group of the Greens/European Free Alliance,197457,Bundnis 90/Die Grunen,
267,Haider,Austria,Identity and Democracy Group,198176,Freiheitliche Partei Osterreichs,
268,Hajsel,Slovakia,Group of the Progressive Alliance of Socialists and Democrats in the European Parliament,34578,Independent,
269,Hakkarainen,Finland,Identity and Democracy Group,197596,Perussuomalaiset,
270,Halicki,Poland,Group of the European People's Party (Christian Democrats),197514,Platforma Obywatelska,
271,Hansen,Luxembourg,Group of the European People's Party (Christian Democrats),193419,Parti Chretien Social Luxembourgeois,
272,Hausling,Germany,Group of the Greens/European Free Alliance,96752,Bundnis 90/Die Grunen,
273,Hautala,Finland,Group of the Greens/European Free Alliance,2054,Vihrea Liitto,
274,Hava,Romania,Group of the European People's Party (Christian Democrats),197646,Partidul National Liberal,
275,Hayer,France,Renew Europe Group,135511,La Republique En Marche,
276,Hazekamp,Netherlands,The Left group in the European Parliament - GUE/NGL,125023,Partij Voor De Dieren,
277,Heide,Austria,Group of the Progressive Alliance of Socialists and Democrats in the European Parliament,197682,Sozialdemokratische Partei Osterreichs,
278,Heinaluoma,Finland,Group of the Progressive Alliance of Socialists and Democrats in the European Parliament,197800,Suomen Sosialidemokraattinen Puolue/Finlands Socialdemokratiska Parti,
279,Herbst,Germany,Group of the European People's Party (Christian Democrats),197412,Christlich Demokratische Union Deutschlands,
280,Herzberger Fofana,Germany,Group of the Greens/European Free Alliance,197459,Bundnis 90/Die Grunen,
281,Hetman,Poland,Group of the European People's Party (Christian Democrats),124895,Polskie Stronnictwo Ludowe,
282,Hidveghi,Hungary,Non-attached Members,124586,Fidesz Magyar Polgari Szovetseg Keresztenydemokrata Neppart,
283,Hlavacek,Czechia,Renew Europe Group,197526,Ano 2011,
284,Hohlmeier,Germany,Group of the European People's Party (Christian Democrats),96780,Christlich Soziale Union In Bayern E.V.,
285,Hojsik,Slovakia,Renew Europe Group,197770,Progresivne Slovensko,
286,Holmgren,Sweden,Group of the Greens/European Free Alliance,197398,Miljopartiet De Grona,
287,Holvenyi,Hungary,Group of the European People's Party (Christian Democrats),124715,Keresztenydemokrata Neppart,
288,Homs Ginel,Spain,Group of the Progressive Alliance of Socialists and Democrats in the European Parliament,122978,Partido Socialista Obrero Espanol,
289,Hoogeveen,Netherlands,European Conservatives and Reformists Group,218349,Ja21,
290,Hortefeux,France,Group of the European People's Party (Christian Democrats),5565,Les Republicains,
291,Hristov,Bulgaria,Group of the Progressive Alliance of Socialists and Democrats in the European Parliament,197846,Bulgarian Socialist Party,
292,Maria Hubner,Poland,Group of the European People's Party (Christian Democrats),96779,Platforma Obywatelska,
293,Huhtasaari,Finland,Identity and Democracy Group,197594,Perussuomalaiset,
294,Huitema,Netherlands,Renew Europe Group,58789,Volkspartij Voor Vrijheid En Democratie,
295,Ijabs,Latvia,Renew Europe Group,197624,Attistibai/Par!,
296,Ilcic,Croatia,European Conservatives and Reformists Group,221463,Hrvatski Suverenisti,
297,Incir,Sweden,Group of the Progressive Alliance of Socialists and Democrats in the European Parliament,197392,Arbetarepartiet  Socialdemokraterna,
298,In 'T Veld,Netherlands,Renew Europe Group,28266,Democraten 66,
299,Jadot,France,Group of the Greens/European Free Alliance,96740,Europe Ecologie,
300,Jahr,Germany,Group of the European People's Party (Christian Democrats),96772,Christlich Demokratische Union Deutschlands,
301,Jakeliunas,Lithuania,Group of the Greens/European Free Alliance,197837,Independent,
302,Jaki,Poland,European Conservatives and Reformists Group,197516,Solidarna Polska Zbigniewa Ziobro,
303,Jalkh,France,Identity and Democracy Group,124770,Rassemblement National,
304,Jamet,France,Identity and Democracy Group,189065,Rassemblement National,
305,Jaroka,Hungary,Non-attached Members,28141,Fidesz Magyar Polgari Szovetseg Keresztenydemokrata Neppart,
306,Jarubas,Poland,Group of the European People's Party (Christian Democrats),197517,Polskie Stronnictwo Ludowe,
307,Jerkovic,Croatia,Group of the Progressive Alliance of Socialists and Democrats in the European Parliament,112747,Socijaldemokratska Partija Hrvatske,
308,Jongerius,Netherlands,Group of the Progressive Alliance of Socialists and Democrats in the European Parliament,125021,Partij Van De Arbeid,
309,Joron,France,Identity and Democracy Group,197627,Rassemblement National,
310,Joveva,Slovenia,Renew Europe Group,197447,Lista Marjana Sarca,
311,Jukneviciene,Lithuania,Group of the European People's Party (Christian Democrats),197840,Tevynes Sajunga Lietuvos Krikscionys Demokratai,
312,Jurgiel,Poland,European Conservatives and Reformists Group,197518,Prawo I Sprawiedliwosc,
313,Jurzyca,Slovakia,European Conservatives and Reformists Group,197767,Sloboda A Solidarita,
314,Juvin,France,Identity and Democracy Group,197626,Rassemblement National,
315,Kaili,Greece,Group of the Progressive Alliance of Socialists and Democrats in the European Parliament,125109,Panhellenic Socialist Movement   Olive Tree,
316,Kalinowski,Poland,Group of the European People's Party (Christian Democrats),96771,Polskie Stronnictwo Ludowe,
317,Kaljurand,Estonia,Group of the Progressive Alliance of Socialists and Democrats in the European Parliament,197491,Sotsiaaldemokraatlik Erakond,
318,Kalniete,Latvia,Group of the European People's Party (Christian Democrats),96934,"Partija ""Vienotiba""",
319,Kammerevert,Germany,Group of the Progressive Alliance of Socialists and Democrats in the European Parliament,96837,Sozialdemokratische Partei Deutschlands,
320,Kanev,Bulgaria,Group of the European People's Party (Christian Democrats),197839,Democrats For Strong Bulgaria,
321,Kanko,Belgium,European Conservatives and Reformists Group,197469,Nieuw Vlaamse Alliantie,
322,Karas,Austria,Group of the European People's Party (Christian Democrats),4246,Osterreichische Volkspartei,
323,Karleskind,France,Renew Europe Group,197585,La Republique En Marche,
324,Karlsbro,Sweden,Renew Europe Group,197401,Liberalerna,
325,Karski,Poland,European Conservatives and Reformists Group,124887,Prawo I Sprawiedliwosc,
326,Katainen,Finland,Renew Europe Group,191693,Suomen Keskusta,
327,Kefalogiannis,Greece,Group of the European People's Party (Christian Democrats),125068,Nea Demokratia,
328,Kelleher,Ireland,Renew Europe Group,197818,Fianna Fail Party,
329,Keller,France,Renew Europe Group,22858,Agir   La Droite Constructive,
330,Keller,Germany,Group of the Greens/European Free Alliance,96734,Bundnis 90/Die Grunen,
331,Kelly,Ireland,Group of the European People's Party (Christian Democrats),96668,Fine Gael Party,
332,Kempa,Poland,European Conservatives and Reformists Group,197519,Solidarna Polska Zbigniewa Ziobro,
333,Kizilyurek,Cyprus,The Left group in the European Parliament - GUE/NGL,197415,Progressive Party Of Working People   Left   New Forces,
334,Kloc,Poland,European Conservatives and Reformists Group,197520,Prawo I Sprawiedliwosc,
335,Knotek,Czechia,Renew Europe Group,197528,Ano 2011,
336,Kofod,Denmark,Identity and Democracy Group,197570,Dansk Folkeparti,
337,Kohut,Poland,Group of the Progressive Alliance of Socialists and Democrats in the European Parliament,197523,Nowa Lewica,
338,Kokalari,Sweden,Group of the European People's Party (Christian Democrats),197406,Moderaterna,
339,Kokkalis,Greece,The Left group in the European Parliament - GUE/NGL,197743,Coalition Of The Radical Left,
340,Kolaja,Czechia,Group of the Greens/European Free Alliance,197546,Pirati,
341,Kolakusic,Croatia,Non-attached Members,197438, ,
342,Konecna,Czechia,The Left group in the European Parliament - GUE/NGL,23699,Komunisticka Strana Cech A Moravy,
343,Konstantinou,Greece,Non-attached Members,197740,Independent,
344,Kopacz,Poland,Group of the European People's Party (Christian Democrats),197525,Platforma Obywatelska,
345,Kopcinska,Poland,European Conservatives and Reformists Group,197530,Prawo I Sprawiedliwosc,
346,Korner,Germany,Renew Europe Group,197445,Freie Demokratische Partei,
347,Kosa,Hungary,Non-attached Members,96829,Fidesz Magyar Polgari Szovetseg Keresztenydemokrata Neppart,
348,Koster,Germany,Group of the Progressive Alliance of Socialists and Democrats in the European Parliament,124822,Sozialdemokratische Partei Deutschlands,
349,Kouloglou,Greece,The Left group in the European Parliament - GUE/NGL,130833,Coalition Of The Radical Left,
350,Kountoura,Greece,The Left group in the European Parliament - GUE/NGL,197699,Coalition Of The Radical Left,
351,Kovarik,Czechia,Renew Europe Group,118949,Ano 2011,
352,Kovatchev,Bulgaria,Group of the European People's Party (Christian Democrats),97968,Citizens For European Development Of Bulgaria,
353,Krah,Germany,Identity and Democracy Group,197481,Alternative Fur Deutschland,
354,Krasnodebski,Poland,European Conservatives and Reformists Group,124891,Prawo I Sprawiedliwosc,
355,Krehl,Germany,Group of the Progressive Alliance of Socialists and Democrats in the European Parliament,1854,Sozialdemokratische Partei Deutschlands,
356,Kruk,Poland,European Conservatives and Reformists Group,197532,Prawo I Sprawiedliwosc,
357,Kubilius,Lithuania,Group of the European People's Party (Christian Democrats),197843,Tevynes Sajunga Lietuvos Krikscionys Demokratai,
358,Kuhnke,Sweden,Group of the Greens/European Free Alliance,197395,Miljopartiet De Grona,
359,Kuhs,Germany,Identity and Democracy Group,197482,Alternative Fur Deutschland,
360,Kumpula Natri,Finland,Group of the Progressive Alliance of Socialists and Democrats in the European Parliament,124735,Suomen Sosialidemokraattinen Puolue/Finlands Socialdemokratiska Parti,
361,Kuzmiuk,Poland,European Conservatives and Reformists Group,28389,Prawo I Sprawiedliwosc,
362,Kympouropoulos,Greece,Group of the European People's Party (Christian Democrats),197692,Nea Demokratia,
363,Kyrtsos,Greece,Renew Europe Group,125063,Independent,
364,Kyuchyuk,Bulgaria,Renew Europe Group,124866,Movement For Rights And Freedoms,
365,Lacapelle,France,Identity and Democracy Group,204421,Rassemblement National,
366,Lagodinsky,Germany,Group of the Greens/European Free Alliance,197460,Bundnis 90/Die Grunen,
367,Lagos,Greece,Non-attached Members,197737,Independent,
368,Lalucq,France,Group of the Progressive Alliance of Socialists and Democrats in the European Parliament,197697,Place Publique,
369,Lamberts,Belgium,Group of the Greens/European Free Alliance,96648,Ecologistes Confederes Pour L'Organisation De Luttes Originales,
370,Oscar Lancini,Italy,Identity and Democracy Group,192635,Lega,
371,Lange,Germany,Group of the Progressive Alliance of Socialists and Democrats in the European Parliament,1909,Sozialdemokratische Partei Deutschlands,
372,De Lange,Netherlands,Group of the European People's Party (Christian Democrats),38398,Christen Democratisch Appel,
373,Langensiepen,Germany,Group of the Greens/European Free Alliance,197461,Bundnis 90/Die Grunen,
374,Laporte,France,Identity and Democracy Group,197597,Rassemblement National,
375,Larrouturou,France,Group of the Progressive Alliance of Socialists and Democrats in the European Parliament,197698,Nouvelle Donne,
376,Laureti,Italy,Group of the Progressive Alliance of Socialists and Democrats in the European Parliament,230085,Partito Democratico,
377,Lebreton,France,Identity and Democracy Group,124738,Rassemblement National,
378,Lechanteux,France,Identity and Democracy Group,197686,Rassemblement National,
379,Lega,Sweden,Group of the European People's Party (Christian Democrats),197393,Kristdemokraterna,
380,Antoni Legutko,Poland,European Conservatives and Reformists Group,96796,Prawo I Sprawiedliwosc,
381,Leitao Marques,Portugal,Group of the Progressive Alliance of Socialists and Democrats in the European Parliament,197635,Partido Socialista,
382,Lenaers,Netherlands,Group of the European People's Party (Christian Democrats),95074,Christen Democratisch Appel,
383,Lewandowski,Poland,Group of the European People's Party (Christian Democrats),23781,Platforma Obywatelska,
384,Lexmann,Slovakia,Group of the European People's Party (Christian Democrats),204336,Krestanskodemokraticke Hnutie,
385,Liberadzki,Poland,Group of the Progressive Alliance of Socialists and Democrats in the European Parliament,23768,Nowa Lewica,
386,Liese,Germany,Group of the European People's Party (Christian Democrats),1927,Christlich Demokratische Union Deutschlands,
387,Limmer,Germany,Identity and Democracy Group,197483,Alternative Fur Deutschland,
388,Lins,Germany,Group of the European People's Party (Christian Democrats),124808,Christlich Demokratische Union Deutschlands,
389,Lizzi,Italy,Identity and Democracy Group,197611,Lega,
390,Loiseau,France,Renew Europe Group,197494,Liste Renaissance,
391,Lkkegaard,Denmark,Renew Europe Group,96709,Venstre  Danmarks Liberale Parti,
392,Lopez,Spain,Group of the Progressive Alliance of Socialists and Democrats in the European Parliament,125042,Partit Dels Socialistes De Catalunya,
393,Fernando Lopez Aguilar,Spain,Group of the Progressive Alliance of Socialists and Democrats in the European Parliament,96812,Partido Socialista Obrero Espanol,
394,Lopez Gil,Spain,Group of the European People's Party (Christian Democrats),197777,Partido Popular,
395,Lopez Isturiz White,Spain,Group of the European People's Party (Christian Democrats),28399,Partido Popular,
396,Lucke,Germany,Group of the Progressive Alliance of Socialists and Democrats in the European Parliament,228286,Sozialdemokratische Partei Deutschlands,
397,Luena,Spain,Group of the Progressive Alliance of Socialists and Democrats in the European Parliament,197721,Partido Socialista Obrero Espanol,
398,Katarzyna ukacijewska,Poland,Group of the European People's Party (Christian Democrats),96791,Platforma Obywatelska,
399,Lundgren,Sweden,European Conservatives and Reformists Group,124996,Sverigedemokraterna,
400,Lutgen,Belgium,Group of the European People's Party (Christian Democrats),197458,Les Engages,
401,Mcallister,Germany,Group of the European People's Party (Christian Democrats),124806,Christlich Demokratische Union Deutschlands,
402,Macmanus,Ireland,The Left group in the European Parliament - GUE/NGL,205452,Sinn Fein,
403,Madison,Estonia,Identity and Democracy Group,197493,Eesti Konservatiivne Rahvaerakond,
404,Maestre Martin De Almagro,Spain,Group of the Progressive Alliance of Socialists and Democrats in the European Parliament,197719,Partido Socialista Obrero Espanol,
405,Majorino,Italy,Group of the Progressive Alliance of Socialists and Democrats in the European Parliament,197592,Partito Democratico,
406,Maldeikiene,Lithuania,Group of the European People's Party (Christian Democrats),197835,Independent,
407,Maldonado Lopez,Spain,Group of the Progressive Alliance of Socialists and Democrats in the European Parliament,197735,Partido Socialista Obrero Espanol,
408,Manda,Romania,Group of the Progressive Alliance of Socialists and Democrats in the European Parliament,197653,Partidul Social Democrat,
409,Manders,Netherlands,Group of the European People's Party (Christian Democrats),4560,Christen Democratisch Appel,
410,Mandl,Austria,Group of the European People's Party (Christian Democrats),190713,Osterreichische Volkspartei,
411,Mariani,France,Identity and Democracy Group,197623,Rassemblement National,
412,Marinescu,Romania,Group of the European People's Party (Christian Democrats),33982,Partidul National Liberal,
413,Markey,Ireland,Group of the European People's Party (Christian Democrats),209896,Fine Gael Party,
414,Marquardt,Germany,Group of the Greens/European Free Alliance,197462,Bundnis 90/Die Grunen,
415,Marques,Portugal,Group of the Progressive Alliance of Socialists and Democrats in the European Parliament,197638,Partido Socialista,
416,Marques,Portugal,Group of the Progressive Alliance of Socialists and Democrats in the European Parliament,197634,Partido Socialista,
417,Martusciello,Italy,Group of the European People's Party (Christian Democrats),124828,Forza Italia,
418,Matias,Portugal,The Left group in the European Parliament - GUE/NGL,96820,Bloco De Esquerda,
419,Fred Matic,Croatia,Group of the Progressive Alliance of Socialists and Democrats in the European Parliament,197441,Socijaldemokratska Partija Hrvatske,
420,Mato,Spain,Group of the European People's Party (Christian Democrats),96936,Partido Popular,
421,Matthieu,Belgium,Group of the Greens/European Free Alliance,208722,Groen,
422,Maurel,France,The Left group in the European Parliament - GUE/NGL,24505,Gauche Republicaine Et Socialiste,
423,Mavrides,Cyprus,Group of the Progressive Alliance of Socialists and Democrats in the European Parliament,124691,Democratic Party,
424,Maxova,Czechia,Group of the Progressive Alliance of Socialists and Democrats in the European Parliament,197522,Independent,
425,Maydell,Bulgaria,Group of the European People's Party (Christian Democrats),98341,Citizens For European Development Of Bulgaria,
426,Mayer,Austria,Identity and Democracy Group,38511,Freiheitliche Partei Osterreichs,
427,Mazurek,Poland,European Conservatives and Reformists Group,197538,Prawo I Sprawiedliwosc,
428,Mazylis,Lithuania,Group of the European People's Party (Christian Democrats),197841,Tevynes Sajunga Lietuvos Krikscionys Demokratai,
429,Mebarek,France,Group of the Progressive Alliance of Socialists and Democrats in the European Parliament,204418,Parti Socialiste,
430,Meimarakis,Greece,Group of the European People's Party (Christian Democrats),197662,Nea Demokratia,
431,Melbarde,Latvia,European Conservatives and Reformists Group,130256,"Nacionala Apvieniba ""Visu Latvijai!"" ""Tevzemei Un Brivibai/Lnnk""",
432,Melchior,Denmark,Renew Europe Group,197567,Det Radikale Venstre,
433,Melin,France,Identity and Democracy Group,124765,Rassemblement National,
434,Melo,Portugal,Group of the European People's Party (Christian Democrats),96978,Partido Do Centro Democratico Social Partido Popular,
435,Metsola,Malta,Group of the European People's Party (Christian Democrats),118859,Partit Nazzjonalista,
436,Metz,Luxembourg,Group of the Greens/European Free Alliance,193292,Dei Greng   Les Verts,
437,Meuthen,Germany,Non-attached Members,190518,Deutsche Zentrumspartei,
438,Michels,Germany,The Left group in the European Parliament - GUE/NGL,120478,Die Linke.,
439,Mihaylova,Bulgaria,Renew Europe Group,125128,Movement For Rights And Freedoms,
440,Mikser,Estonia,Group of the Progressive Alliance of Socialists and Democrats in the European Parliament,197497,Sotsiaaldemokraatlik Erakond,
441,Milazzo,Italy,European Conservatives and Reformists Group,197824,Fratelli D'Italia,
442,Jose Millan Mon,Spain,Group of the European People's Party (Christian Democrats),28400,Partido Popular,
443,Miller,Poland,Group of the Progressive Alliance of Socialists and Democrats in the European Parliament,197540,Nowa Lewica,
444,Mituta,Romania,Renew Europe Group,212855,Reinnoim Proiectul European Al Romaniei,
445,Modig,Finland,The Left group in the European Parliament - GUE/NGL,197805,Vasemmistoliitto,
446,Molnar,Hungary,Group of the Progressive Alliance of Socialists and Democrats in the European Parliament,124722,Demokratikus Koalicio,
447,Monteiro De Aguiar,Portugal,Group of the European People's Party (Christian Democrats),124734,Partido Social Democrata,
448,Montserrat,Spain,Group of the European People's Party (Christian Democrats),197711,Partido Popular,
449,Morano,France,Group of the European People's Party (Christian Democrats),72779,Les Republicains,
450,Moreno Sanchez,Spain,Group of the Progressive Alliance of Socialists and Democrats in the European Parliament,28347,Partido Socialista Obrero Espanol,
451,Moretti,Italy,Group of the Progressive Alliance of Socialists and Democrats in the European Parliament,124799,Partito Democratico,
452,Mortler,Germany,Group of the European People's Party (Christian Democrats),197427,Christlich Soziale Union In Bayern E.V.,
453,Motreanu,Romania,Group of the European People's Party (Christian Democrats),197647,Partidul National Liberal,
454,Anna Mozdzanowska,Poland,European Conservatives and Reformists Group,197541,Prawo I Sprawiedliwosc,
455,Muller,Germany,Renew Europe Group,124862,Freie Wahler,
456,Muresan,Romania,Group of the European People's Party (Christian Democrats),124802,Partidul National Liberal,
457,Nagtegaal,Netherlands,Renew Europe Group,190519,Volkspartij Voor Vrijheid En Democratie,
458,Nart,Spain,Renew Europe Group,125005,Independiente,
459,Negrescu,Romania,Group of the Progressive Alliance of Socialists and Democrats in the European Parliament,88882,Partidul Social Democrat,
460,Nemec,Slovenia,Group of the Progressive Alliance of Socialists and Democrats in the European Parliament,233862,Socialni Demokrati,
461,Neumann,Germany,Group of the Greens/European Free Alliance,197464,Bundnis 90/Die Grunen,
462,Nica,Romania,Group of the Progressive Alliance of Socialists and Democrats in the European Parliament,124784,Partidul Social Democrat,
463,Niebler,Germany,Group of the European People's Party (Christian Democrats),4289,Christlich Soziale Union In Bayern E.V.,
464,Niedermayer,Czechia,Group of the European People's Party (Christian Democrats),124701,Top 09 A Starostove,
465,Niena,Germany,Group of the Greens/European Free Alliance,197465,Bundnis 90/Die Grunen,
466,Niinisto,Finland,Group of the Greens/European Free Alliance,197802,Vihrea Liitto,
467,Nikolaou Alavanos,Greece,Non-attached Members,197734,Communist Party Of Greece,
468,Nistor,Romania,Group of the European People's Party (Christian Democrats),202112,Partidul National Liberal,
469,Noichl,Germany,Group of the Progressive Alliance of Socialists and Democrats in the European Parliament,124836,Sozialdemokratische Partei Deutschlands,
470,Novak,Slovenia,Group of the European People's Party (Christian Democrats),28294,Nova Slovenija  Krscanski Demokrati,
471,Novakov,Bulgaria,Group of the European People's Party (Christian Democrats),107212,Citizens For European Development Of Bulgaria,
472,Ochojska,Poland,Group of the European People's Party (Christian Democrats),197542,Independent,
473,Oetjen,Germany,Renew Europe Group,197432,Freie Demokratische Partei,
474,Olbrycht,Poland,Group of the European People's Party (Christian Democrats),28288,Platforma Obywatelska,
475,Olekas,Lithuania,Group of the Progressive Alliance of Socialists and Democrats in the European Parliament,197838,Lietuvos Socialdemokratu Partija,
476,Olivier,France,Identity and Democracy Group,197687,Rassemblement National,
477,Omarjee,France,The Left group in the European Parliament - GUE/NGL,30482,La France Insoumise,
478,Orville,France,Renew Europe Group,234344,Mouvement Democrate,
479,O'Sullivan,Ireland,Group of the Greens/European Free Alliance,197889,Green Party,
480,Paet,Estonia,Renew Europe Group,129073,Eesti Reformierakond,
481,Pagazaurtundua,Spain,Renew Europe Group,125038,Delegacion Ciudadanos Europeos,
482,Panza,Italy,Identity and Democracy Group,99283,Lega,
483,Papadakis,Cyprus,Group of the Progressive Alliance of Socialists and Democrats in the European Parliament,124692,Movement For Social Democracy Edek,
484,Papadakis,Greece,Non-attached Members,125093,Communist Party Of Greece,
485,Papadimoulis,Greece,The Left group in the European Parliament - GUE/NGL,28586,Coalition Of The Radical Left,
486,Patriciello,Italy,Group of the European People's Party (Christian Democrats),36392,Forza Italia,
487,Paulus,Germany,Group of the Greens/European Free Alliance,197466,Bundnis 90/Die Grunen,
488,Pedicini,Italy,Group of the Greens/European Free Alliance,124844,Independent,
489,Pekkarinen,Finland,Renew Europe Group,197563,Suomen Keskusta,
490,Peksa,Czechia,Group of the Greens/European Free Alliance,197539,Pirati,
491,Pelletier,France,The Left group in the European Parliament - GUE/NGL,197527,La France Insoumise,
492,Penkova,Bulgaria,Group of the Progressive Alliance of Socialists and Democrats in the European Parliament,197845,Bulgarian Socialist Party,
493,Pereira,Portugal,The Left group in the European Parliament - GUE/NGL,197754,Partido Comunista Portugues,
494,Pereira,Portugal,Group of the European People's Party (Christian Democrats),197738,Partido Social Democrata,
495,Marie Peter Hansen,Denmark,Group of the Greens/European Free Alliance,197573,Socialistisk Folkeparti,
496,Petersen,Denmark,Renew Europe Group,124872,Det Radikale Venstre,
497,Picierno,Italy,Group of the Progressive Alliance of Socialists and Democrats in the European Parliament,124846,Partito Democratico,
498,Picula,Croatia,Group of the Progressive Alliance of Socialists and Democrats in the European Parliament,112744,Socijaldemokratska Partija Hrvatske,
499,Pieper,Germany,Group of the European People's Party (Christian Democrats),28224,Christlich Demokratische Union Deutschlands,
500,Pietikainen,Finland,Group of the European People's Party (Christian Democrats),40599,Kansallinen Kokoomus,
501,Pignedoli,Italy,Non-attached Members,197619,Movimento 5 Stelle,
502,Pimenta Lopes,Portugal,The Left group in the European Parliament - GUE/NGL,136236,Partido Comunista Portugues,
503,Pineda,Spain,The Left group in the European Parliament - GUE/NGL,197828,Izquierda Unida,
504,Pirbakas,France,Non-attached Members,197629,Reconquete!,
505,Pisapia,Italy,Group of the Progressive Alliance of Socialists and Democrats in the European Parliament,197590,Independent,
506,Pislaru,Romania,Renew Europe Group,197663,Reinnoim Proiectul European Al Romaniei,
507,Pizarro,Portugal,Group of the Progressive Alliance of Socialists and Democrats in the European Parliament,197732,Partido Socialista,
508,Plumb,Romania,Group of the Progressive Alliance of Socialists and Democrats in the European Parliament,38595,Partidul Social Democrat,
509,Polcak,Czechia,Group of the European People's Party (Christian Democrats),124704,Starostove A Nezavisli,
510,Polfjard,Sweden,Group of the European People's Party (Christian Democrats),197404,Moderaterna,
511,Pollak,Slovakia,Group of the European People's Party (Christian Democrats),197765,Obycajni Ludia A Nezavisle Osobnosti,
512,Ponsati Obiols,Spain,Non-attached Members,204443,Junts Per Catalunya   Lliures Per Europa,
513,Piotr Poreba,Poland,European Conservatives and Reformists Group,96801,Prawo I Sprawiedliwosc,
514,Pospisil,Czechia,Group of the European People's Party (Christian Democrats),125706,Top 09 A Starostove,
515,Procaccini,Italy,European Conservatives and Reformists Group,197820,Fratelli D'Italia,
516,Puigdemont I Casamajo,Spain,Non-attached Members,202351,Junts Per Catalunya   Lliures Per Europa,
517,Radacovsky,Slovakia,Non-attached Members,197764,Slovak Patriot,
518,Radev,Bulgaria,Group of the European People's Party (Christian Democrats),124850,Citizens For European Development Of Bulgaria,
519,Radtke,Germany,Group of the European People's Party (Christian Democrats),188945,Christlich Demokratische Union Deutschlands,
520,Rafaela,Netherlands,Renew Europe Group,197868,Democraten 66,
521,Rafalska,Poland,European Conservatives and Reformists Group,197544,Prawo I Sprawiedliwosc,
522,Rangel,Portugal,Group of the European People's Party (Christian Democrats),96903,Partido Social Democrata,
523,Regimenti,Italy,Group of the European People's Party (Christian Democrats),197790,Forza Italia,
524,Regner,Austria,Group of the Progressive Alliance of Socialists and Democrats in the European Parliament,96998,Sozialdemokratische Partei Osterreichs,
525,Rego,Spain,The Left group in the European Parliament - GUE/NGL,197681,Izquierda Unida,
526,Reil,Germany,Identity and Democracy Group,197488,Alternative Fur Deutschland,
527,Reintke,Germany,Group of the Greens/European Free Alliance,103381,Bundnis 90/Die Grunen,
528,Repasi,Germany,Group of the Progressive Alliance of Socialists and Democrats in the European Parliament,229839,Sozialdemokratische Partei Deutschlands,
529,Ressler,Croatia,Group of the European People's Party (Christian Democrats),197413,Hrvatska Demokratska Zajednica,
530,Reuten,Netherlands,Group of the Progressive Alliance of Socialists and Democrats in the European Parliament,218347,Partij Van De Arbeid,
531,Riba I Giner,Spain,Group of the Greens/European Free Alliance,197832,Esquerra Republicana De Catalunya,
532,Ries,Belgium,Renew Europe Group,4253,Mouvement Reformateur,
533,Maria Rinaldi,Italy,Identity and Democracy Group,197787,Lega,
534,Rinzema,Netherlands,Renew Europe Group,229519,Volkspartij Voor Vrijheid En Democratie,
535,Ripa,Germany,Group of the Greens/European Free Alliance,206158,Okologisch Demokratische Partei,
536,Riquet,France,Renew Europe Group,96885,Mouvement Radical Social Liberal,
537,Rivasi,France,Group of the Greens/European Free Alliance,96743,Europe Ecologie,
538,Riviere,France,Non-attached Members,197615,Reconquete!,
539,Roberti,Italy,Group of the Progressive Alliance of Socialists and Democrats in the European Parliament,197801,Partito Democratico,
540,Rodriguez Pinero,Spain,Group of the Progressive Alliance of Socialists and Democrats in the European Parliament,125043,Partido Socialista Obrero Espanol,
541,Rodriguez Palop,Spain,The Left group in the European Parliament - GUE/NGL,197785,Podemos,
542,Soraya Rodriguez Ramos,Spain,Renew Europe Group,4344,Ciudadanos  Partido De La Ciudadania,
543,Ronai,Hungary,Group of the Progressive Alliance of Socialists and Democrats in the European Parliament,197584,Demokratikus Koalicio,
544,Rondinelli,Italy,Non-attached Members,197792,Insieme Per Il Futuro,
545,Rooken,Netherlands,European Conservatives and Reformists Group,197776,Ja21,
546,Rookmaker,Netherlands,European Conservatives and Reformists Group,204733,Meer Directe Democratie,
547,Roos,Netherlands,European Conservatives and Reformists Group,197709,Ja21,
548,Roose,France,Group of the Greens/European Free Alliance,197506,Europe Ecologie,
549,Rope,Lithuania,Group of the Greens/European Free Alliance,125214,Lietuvos Valstieciu Ir Zaliuju Sajunga,
550,Ros Sempere,Spain,Group of the Progressive Alliance of Socialists and Democrats in the European Parliament,204413,Partido Socialista Obrero Espanol,
551,Rouge,France,Identity and Democracy Group,197690,Rassemblement National,
552,Ruissen,Netherlands,European Conservatives and Reformists Group,197773,Staatkundig Gereformeerde Partij,
553,Ruiz Devesa,Spain,Group of the Progressive Alliance of Socialists and Democrats in the European Parliament,127096,Partido Socialista Obrero Espanol,
554,Rzonca,Poland,European Conservatives and Reformists Group,197545,Prawo I Sprawiedliwosc,
555,Sagartz,Austria,Group of the European People's Party (Christian Democrats),204368,Osterreichische Volkspartei,
556,Salini,Italy,Group of the European People's Party (Christian Democrats),125670,Forza Italia,
557,Sanchez Amor,Spain,Group of the Progressive Alliance of Socialists and Democrats in the European Parliament,197722,Partido Socialista Obrero Espanol,
558,Sander,France,Group of the European People's Party (Christian Democrats),24594,Les Republicains,
559,Sant,Malta,Group of the Progressive Alliance of Socialists and Democrats in the European Parliament,124781,Partit Laburista,
560,Santos,Portugal,Group of the Progressive Alliance of Socialists and Democrats in the European Parliament,197650,Partido Socialista,
561,Sardone,Italy,Identity and Democracy Group,197578,Lega,
562,Sarvamaa,Finland,Group of the European People's Party (Christian Democrats),112611,Kansallinen Kokoomus,
563,Saryusz Wolski,Poland,European Conservatives and Reformists Group,28297,Prawo I Sprawiedliwosc,
564,Satouri,France,Group of the Greens/European Free Alliance,197500,Europe Ecologie,
565,Schaldemose,Denmark,Group of the Progressive Alliance of Socialists and Democrats in the European Parliament,37312,Socialdemokratiet,
566,Schaller Baross,Hungary,Non-attached Members,213330,Fidesz Magyar Polgari Szovetseg Keresztenydemokrata Neppart,
567,Schieder,Austria,Group of the Progressive Alliance of Socialists and Democrats in the European Parliament,197670,Sozialdemokratische Partei Osterreichs,
568,Schirdewan,Germany,The Left group in the European Parliament - GUE/NGL,190517,Die Linke.,
569,Schmiedtbauer,Austria,Group of the European People's Party (Christian Democrats),197656,Osterreichische Volkspartei,
570,Schneider,Germany,Group of the European People's Party (Christian Democrats),197422,Christlich Demokratische Union Deutschlands,
571,Scholz,Germany,The Left group in the European Parliament - GUE/NGL,96646,Die Linke.,
572,Schreijer Pierik,Netherlands,Group of the European People's Party (Christian Democrats),125030,Christen Democratisch Appel,
573,Schuster,Germany,Group of the Progressive Alliance of Socialists and Democrats in the European Parliament,124837,Sozialdemokratische Partei Deutschlands,
574,Schwab,Germany,Group of the European People's Party (Christian Democrats),28223,Christlich Demokratische Union Deutschlands,
575,Seekatz,Germany,Group of the European People's Party (Christian Democrats),197425,Christlich Demokratische Union Deutschlands,
576,Sejourne,France,Renew Europe Group,197508,La Republique En Marche,
577,Semedo,Luxembourg,Renew Europe Group,197418,Independent,
578,Semsrott,Germany,Group of the Greens/European Free Alliance,197423,Independent,
579,Sidl,Austria,Group of the Progressive Alliance of Socialists and Democrats in the European Parliament,197677,Sozialdemokratische Partei Osterreichs,
580,Sikorski,Poland,Group of the European People's Party (Christian Democrats),197548,Platforma Obywatelska,
581,Silva Pereira,Portugal,Group of the Progressive Alliance of Socialists and Democrats in the European Parliament,124747,Partido Socialista,
582,Simecka,Slovakia,Renew Europe Group,103746,Progresivne Slovensko,
583,Simon,Germany,Group of the European People's Party (Christian Democrats),197426,Christlich Demokratische Union Deutschlands,
584,Vilibor Sincic,Croatia,Non-attached Members,197935,Zivi Zid,
585,Sippel,Germany,Group of the Progressive Alliance of Socialists and Democrats in the European Parliament,96932,Sozialdemokratische Partei Deutschlands,
586,Skyttedal,Sweden,Group of the European People's Party (Christian Democrats),197390,Kristdemokraterna,
587,Slabakov,Bulgaria,European Conservatives and Reformists Group,197849,Vmro,
588,Smeriglio,Italy,Group of the Progressive Alliance of Socialists and Democrats in the European Parliament,197791,Partito Democratico,
589,Sofo,Italy,European Conservatives and Reformists Group,204334,Fratelli D'Italia,
590,Sojdrova,Czechia,Group of the European People's Party (Christian Democrats),124710,Krestanska A Demokraticka Unie   Ceskoslovenska Strana Lidova,
591,Sokol,Croatia,Group of the European People's Party (Christian Democrats),197417,Hrvatska Demokratska Zajednica,
592,Sole,Spain,Group of the Greens/European Free Alliance,185974,Esquerra Republicana De Catalunya,
593,Solis Perez,Spain,Renew Europe Group,197784,Ciudadanos  Partido De La Ciudadania,
594,Sonneborn,Germany,Non-attached Members,124834,Die Partei,
595,Spurek,Poland,Group of the Greens/European Free Alliance,197550,Independent,
596,Spyraki,Greece,Group of the European People's Party (Christian Democrats),125064,Nea Demokratia,
597,Stancanelli,Italy,European Conservatives and Reformists Group,197825,Fratelli D'Italia,
598,Stanishev,Bulgaria,Group of the Progressive Alliance of Socialists and Democrats in the European Parliament,124852,Bulgarian Socialist Party,
599,Stefanec,Slovakia,Group of the European People's Party (Christian Democrats),124929,Krestanskodemokraticke Hnutie,
600,Stefanuta,Romania,Renew Europe Group,58766,Uniunea Salvati Romania,
601,Stegrud,Sweden,European Conservatives and Reformists Group,197399,Sverigedemokraterna,
602,Strik,Netherlands,Group of the Greens/European Free Alliance,197772,Groenlinks,
603,Strugariu,Romania,Renew Europe Group,134605,Reinnoim Proiectul European Al Romaniei,
604,Szydo,Poland,European Conservatives and Reformists Group,197553,Prawo I Sprawiedliwosc,
605,Sgaard Lidell,Denmark,Renew Europe Group,204331,Venstre  Danmarks Liberale Parti,
606,Tajani,Italy,Group of the European People's Party (Christian Democrats),2187,Forza Italia,
607,Tang,Netherlands,Group of the Progressive Alliance of Socialists and Democrats in the European Parliament,125020,Partij Van De Arbeid,
608,Tarabella,Belgium,Group of the Progressive Alliance of Socialists and Democrats in the European Parliament,29579,Parti Socialiste,
609,Tarczynski,Poland,European Conservatives and Reformists Group,204346,Prawo I Sprawiedliwosc,
610,Tardino,Italy,Identity and Democracy Group,197806,Lega,
611,Tax,Netherlands,Group of the Progressive Alliance of Socialists and Democrats in the European Parliament,197756,Partij Van De Arbeid,
612,Terhes,Romania,European Conservatives and Reformists Group,197655,Partidul National Taranesc Crestin Democrat,
613,Terras,Estonia,Group of the European People's Party (Christian Democrats),204449,Isamaa,
614,Tertsch,Spain,European Conservatives and Reformists Group,197831,Vox,
615,Thaler,Austria,Group of the European People's Party (Christian Democrats),197667,Osterreichische Volkspartei,
616,Thun Und Hohenstein,Poland,Renew Europe Group,96776,Polska 2050,
617,Tinagli,Italy,Group of the Progressive Alliance of Socialists and Democrats in the European Parliament,197591,Partito Democratico,
618,Tobe,Sweden,Group of the European People's Party (Christian Democrats),197402,Moderaterna,
619,Tobiszowski,Poland,European Conservatives and Reformists Group,197559,Prawo I Sprawiedliwosc,
620,Toia,Italy,Group of the Progressive Alliance of Socialists and Democrats in the European Parliament,28340,Partito Democratico,
621,Tolleret,France,Renew Europe Group,197547,Liste Renaissance,
622,Tomac,Romania,Group of the European People's Party (Christian Democrats),197672,Partidul Miscarea Populara,
623,Tomasevski,Lithuania,European Conservatives and Reformists Group,96697,Lietuvos Lenku Rinkimu Akcija  Krikscionisku Seimu Sajunga,
624,Tomc,Slovenia,Group of the European People's Party (Christian Democrats),125104,Slovenska Demokratska Stranka,
625,Toom,Estonia,Renew Europe Group,124700,Eesti Keskerakond,
626,Torvalds,Finland,Renew Europe Group,114268,Svenska Folkpartiet,
627,Tosenovsky,Czechia,European Conservatives and Reformists Group,96713,Obcanska Demokraticka Strana,
628,Toth,Hungary,Non-attached Members,27714,Fidesz Magyar Polgari Szovetseg Keresztenydemokrata Neppart,
629,Toussaint,France,Group of the Greens/European Free Alliance,97236,Europe Ecologie,
630,Tovaglieri,Italy,Identity and Democracy Group,197580,Lega,
631,Trillet Lenoir,France,Renew Europe Group,197593,Liste Renaissance,
632,Trocsanyi,Hungary,Non-attached Members,197894,Fidesz Magyar Polgari Szovetseg Keresztenydemokrata Neppart,
633,Tudorache,Romania,Renew Europe Group,197665,Reinnoim Proiectul European Al Romaniei,
634,Tudose,Romania,Group of the Progressive Alliance of Socialists and Democrats in the European Parliament,198183,Partidul Social Democrat,
635,Uhrik,Slovakia,Non-attached Members,197763,Hnutie Republika,
636,Ujhelyi,Hungary,Group of the Progressive Alliance of Socialists and Democrats in the European Parliament,124705,Magyar Szocialista Part,
637,Urban Crespo,Spain,The Left group in the European Parliament - GUE/NGL,131507,Anticapitalistas,
638,Urtasun,Spain,Group of the Greens/European Free Alliance,124972,Catalunya En Comu,
639,Usakovs,Latvia,Group of the Progressive Alliance of Socialists and Democrats in the European Parliament,197810,"""Saskana"" Socialdemokratiska Partija",
640,Uspaskich,Lithuania,Non-attached Members,96698,Darbo Partija,
641,Vaidere,Latvia,Group of the European People's Party (Christian Democrats),28617,"Partija ""Vienotiba""",
642,Vana,Austria,Group of the Greens/European Free Alliance,124934,Die Grunen   Die Grune Alternative,
643,Van Brempt,Belgium,Group of the Progressive Alliance of Socialists and Democrats in the European Parliament,5729,Socialistische Partij.Anders,
644,Vandendriessche,Belgium,Identity and Democracy Group,185771,Vlaams Belang,
645,Vandenkendelaere,Belgium,Group of the European People's Party (Christian Democrats),129164,Christen Democratisch   Vlaams,
646,Van Overtveldt,Belgium,European Conservatives and Reformists Group,125106,Nieuw Vlaamse Alliantie,
647,Van Sparrentak,Netherlands,Group of the Greens/European Free Alliance,197870,Groenlinks,
648,Vautmans,Belgium,Renew Europe Group,130100,Open Vlaamse Liberalen En Democraten,
649,Vedrenne,France,Renew Europe Group,197502,Mouvement Democrate,
650,Verheyen,Germany,Group of the European People's Party (Christian Democrats),96756,Christlich Demokratische Union Deutschlands,
651,Verhofstadt,Belgium,Renew Europe Group,97058,Open Vlaamse Liberalen En Democraten,
652,Vilimsky,Austria,Identity and Democracy Group,125001,Freiheitliche Partei Osterreichs,
653,Villanueva Ruiz,Spain,The Left group in the European Parliament - GUE/NGL,197827,Podemos,
654,Villumsen,Denmark,The Left group in the European Parliament - GUE/NGL,197571,Enhedslisten,
655,Vincze,Romania,Group of the European People's Party (Christian Democrats),98582,Uniunea Democrata Maghiara Din Romania,
656,Vind,Denmark,Group of the Progressive Alliance of Socialists and Democrats in the European Parliament,199941,Socialdemokratiet,
657,Virkkunen,Finland,Group of the European People's Party (Christian Democrats),124726,Kansallinen Kokoomus,
658,Vitanov,Bulgaria,Group of the Progressive Alliance of Socialists and Democrats in the European Parliament,197844,Bulgarian Socialist Party,
659,Vollath,Austria,Group of the Progressive Alliance of Socialists and Democrats in the European Parliament,197678,Sozialdemokratische Partei Osterreichs,
660,Von Cramon Taubadel,Germany,Group of the Greens/European Free Alliance,197451,Bundnis 90/Die Grunen,
661,Vondra,Czechia,European Conservatives and Reformists Group,197537,Obcanska Demokraticka Strana,
662,Voss,Germany,Group of the European People's Party (Christian Democrats),96761,Christlich Demokratische Union Deutschlands,
663,Vozemberg Vrionidi,Greece,Group of the European People's Party (Christian Democrats),125065,Nea Demokratia,
664,Vrecionova,Czechia,European Conservatives and Reformists Group,197552,Obcanska Demokraticka Strana,
665,Vuolo,Italy,Group of the European People's Party (Christian Democrats),197798,Forza Italia,
666,Vazquez Lazara,Spain,Renew Europe Group,204400,Ciudadanos  Partido De La Ciudadania,
667,Waitz,Austria,Group of the Greens/European Free Alliance,190464,Die Grunen   Die Grune Alternative,
668,Wallace,Ireland,The Left group in the European Parliament - GUE/NGL,197817,Independents For Change,
669,Walsh,Ireland,Group of the European People's Party (Christian Democrats),197863,Fine Gael Party,
670,Walsmann,Germany,Group of the European People's Party (Christian Democrats),197429,Christlich Demokratische Union Deutschlands,
671,Warborn,Sweden,Group of the European People's Party (Christian Democrats),197405,Moderaterna,
672,Jan Waszczykowski,Poland,European Conservatives and Reformists Group,197566,Prawo I Sprawiedliwosc,
673,Weber,Germany,Group of the European People's Party (Christian Democrats),28229,Christlich Soziale Union In Bayern E.V.,
674,Weimers,Sweden,European Conservatives and Reformists Group,123562,Sverigedemokraterna,
675,Weiss,Denmark,Group of the European People's Party (Christian Democrats),197515,Det Konservative Folkeparti,
676,Wieland,Germany,Group of the European People's Party (Christian Democrats),2323,Christlich Demokratische Union Deutschlands,
677,Wiener,Austria,Group of the Greens/European Free Alliance,197675,Die Grunen   Die Grune Alternative,
678,Wiesner,Sweden,Renew Europe Group,214839,Centerpartiet,
679,Wiezik,Slovakia,Renew Europe Group,197769,Progresivne Slovensko,
680,Winkler,Romania,Group of the European People's Party (Christian Democrats),39725,Uniunea Democrata Maghiara Din Romania,
681,Winzig,Austria,Group of the European People's Party (Christian Democrats),197652,Osterreichische Volkspartei,
682,Wiseler Lima,Luxembourg,Group of the European People's Party (Christian Democrats),197421,Parti Chretien Social Luxembourgeois,
683,Wisniewska,Poland,European Conservatives and Reformists Group,124877,Prawo I Sprawiedliwosc,
684,Wolken,Germany,Group of the Progressive Alliance of Socialists and Democrats in the European Parliament,185619,Sozialdemokratische Partei Deutschlands,
685,Wolters,Netherlands,Group of the Progressive Alliance of Socialists and Democrats in the European Parliament,5392,Partij Van De Arbeid,
686,Yenbou,France,Renew Europe Group,197511,Europe Ecologie,
687,Yon Courtin,France,Renew Europe Group,197581,Liste Renaissance,
688,Yoncheva,Bulgaria,Group of the Progressive Alliance of Socialists and Democrats in the European Parliament,197842,Bulgarian Socialist Party,
689,Zagorakis,Greece,Group of the European People's Party (Christian Democrats),125067,Nea Demokratia,
690,Zahradil,Czechia,European Conservatives and Reformists Group,23712,Obcanska Demokraticka Strana,
691,Zalewska,Poland,European Conservatives and Reformists Group,197572,Prawo I Sprawiedliwosc,
692,Zambelli,Italy,Identity and Democracy Group,197586,Lega,
693,Zanni,Italy,Identity and Democracy Group,124780,Lega,
694,Zarzalejos,Spain,Group of the European People's Party (Christian Democrats),197606,Partido Popular,
695,Zdanoka,Latvia,Non-attached Members,28619,Latvijas Krievu Savieniba,
696,Zdechovsky,Czechia,Group of the European People's Party (Christian Democrats),124713,Krestanska A Demokraticka Unie   Ceskoslovenska Strana Lidova,
697,Zile,Latvia,European Conservatives and Reformists Group,28615,"Nacionala Apvieniba ""Visu Latvijai!"" ""Tevzemei Un Brivibai/Lnnk""",
698,Zimniok,Germany,Identity and Democracy Group,197489,Alternative Fur Deutschland,
699,Zotowski,Poland,European Conservatives and Reformists Group,124884,Prawo I Sprawiedliwosc,
700,Ignacio Zoido Alvarez,Spain,Group of the European People's Party (Christian Democrats),197621,Partido Popular,
701,Zorrinho,Portugal,Group of the Progressive Alliance of Socialists and Democrats in the European Parliament,124739,Partido Socialista,
702,Zovko,Croatia,Group of the European People's Party (Christian Democrats),185341,Hrvatska Demokratska Zajednica,
703,Zullo,Italy,Renew Europe Group,125237,Independent,
704,Zver,Slovenia,Group of the European People's Party (Christian Democrats),96933,Slovenska Demokratska Stranka,
